{"frames": {

"chick.png":
{
	"frame": {"x":0,"y":0,"w":16,"h":16},
	"rotated": false,
	"trimmed": false,
	"spriteSourceSize": {"x":0,"y":0,"w":16,"h":16},
	"sourceSize": {"w":16,"h":16}
},
"grass.png":
{
	"frame": {"x":16,"y":0,"w":16,"h":16},
	"rotated": false,
	"trimmed": false,
	"spriteSourceSize": {"x":0,"y":0,"w":16,"h":16},
	"sourceSize": {"w":16,"h":16}
},
"grass2.png":
{
	"frame": {"x":32,"y":0,"w":16,"h":16},
	"rotated": false,
	"trimmed": false,
	"spriteSourceSize": {"x":0,"y":0,"w":16,"h":16},
	"sourceSize": {"w":16,"h":16}
}},
"meta": {
	"app": "https://www.codeandweb.com/texturepacker",
	"version": "1.0",
	"image": "test.png",
	"format": "RGBA8888",
	"size": {"w":48,"h":16},
	"scale": "1",
	"smartupdate": "$TexturePacker:SmartUpdate:a66d329312f98accd6de9452ce22c2dc:dc1a8a27030eb8549f6ad949e95565fe:02ab132358d6d8b512e80119463a8329$"
}
}
