{"frames": {

"f_trainer1.png":
{
	"frame": {"x":1,"y":1,"w":128,"h":128},
	"rotated": false,
	"trimmed": false,
	"spriteSourceSize": {"x":0,"y":0,"w":128,"h":128},
	"sourceSize": {"w":128,"h":128}
},
"f_trainer2.png":
{
	"frame": {"x":131,"y":1,"w":128,"h":128},
	"rotated": false,
	"trimmed": false,
	"spriteSourceSize": {"x":0,"y":0,"w":128,"h":128},
	"sourceSize": {"w":128,"h":128}
},
"f_trainer3.png":
{
	"frame": {"x":261,"y":1,"w":128,"h":128},
	"rotated": false,
	"trimmed": false,
	"spriteSourceSize": {"x":0,"y":0,"w":128,"h":128},
	"sourceSize": {"w":128,"h":128}
},
"f_trainer4.png":
{
	"frame": {"x":391,"y":1,"w":128,"h":128},
	"rotated": false,
	"trimmed": false,
	"spriteSourceSize": {"x":0,"y":0,"w":128,"h":128},
	"sourceSize": {"w":128,"h":128}
},
"f_trainer5.png":
{
	"frame": {"x":521,"y":1,"w":128,"h":128},
	"rotated": false,
	"trimmed": false,
	"spriteSourceSize": {"x":0,"y":0,"w":128,"h":128},
	"sourceSize": {"w":128,"h":128}
},
"trainer1.png":
{
	"frame": {"x":651,"y":1,"w":128,"h":128},
	"rotated": false,
	"trimmed": false,
	"spriteSourceSize": {"x":0,"y":0,"w":128,"h":128},
	"sourceSize": {"w":128,"h":128}
},
"trainer2.png":
{
	"frame": {"x":781,"y":1,"w":128,"h":128},
	"rotated": false,
	"trimmed": false,
	"spriteSourceSize": {"x":0,"y":0,"w":128,"h":128},
	"sourceSize": {"w":128,"h":128}
},
"trainer3.png":
{
	"frame": {"x":911,"y":1,"w":128,"h":128},
	"rotated": false,
	"trimmed": false,
	"spriteSourceSize": {"x":0,"y":0,"w":128,"h":128},
	"sourceSize": {"w":128,"h":128}
},
"trainer4.png":
{
	"frame": {"x":1041,"y":1,"w":128,"h":128},
	"rotated": false,
	"trimmed": false,
	"spriteSourceSize": {"x":0,"y":0,"w":128,"h":128},
	"sourceSize": {"w":128,"h":128}
},
"trainer5.png":
{
	"frame": {"x":1171,"y":1,"w":128,"h":128},
	"rotated": false,
	"trimmed": false,
	"spriteSourceSize": {"x":0,"y":0,"w":128,"h":128},
	"sourceSize": {"w":128,"h":128}
}},
"meta": {
	"app": "https://www.codeandweb.com/texturepacker",
	"version": "1.0",
	"image": "two_trainer_sheet.png",
	"format": "RGBA8888",
	"size": {"w":1300,"h":130},
	"scale": "1",
	"smartupdate": "$TexturePacker:SmartUpdate:d28ac0b7501a5529d4fb7e6446af8ab1:9baa5314d68a3adb51408e50596929c6:b0ad5120fa5d71ceb5167809dad98e22$"
}
}
